time,score,size,b_value
0.36232638835162095,0.9819494995626743,99,-1.265847196881803
