round,time,size,score,b_value,separable_success,separable_success_rate
5,0.36232638835162095,99,0.9819494995626743,-1.265847196881803,200/200,1.0
